------------------------------,--------------------
www.electricblue.eu,Portugal
------------------------------,--------------------
EnvLogger version,T2.4
EnvLogger Viewer version,5.3
downloading device type,android
device,SM-J737T1
device name,Galaxy J7 Star
downloading mode,auto
------------------------------,--------------------
serial number,0444 BB00 B304 06
custom name,6-P-B3
temperature,degrees Celsius
time zone,UTC+0000
sampling resolution,0.1
samples,514
time diff [logger-smartphone](sec),26
lat,-0.743366
long,-90.303913
accuracy (m),7.5
------------------------------,--------------------
time,temp
12/01/2024 16:30,35.2
12/01/2024 18:00,33.8
12/01/2024 19:30,28.3
12/01/2024 21:00,28.1
12/01/2024 22:30,27.5
13/01/2024 00:00,27.2
13/01/2024 01:30,26.8
13/01/2024 03:00,24.9
13/01/2024 04:30,24.7
13/01/2024 06:00,25.5
13/01/2024 07:30,26.3
13/01/2024 09:00,26.3
13/01/2024 10:30,26.1
13/01/2024 12:00,26.1
13/01/2024 13:30,25.8
13/01/2024 15:00,28.1
13/01/2024 16:30,38.3
13/01/2024 18:00,44.5
13/01/2024 19:30,28.9
13/01/2024 21:00,28.6
13/01/2024 22:30,27.8
14/01/2024 00:00,27.3
14/01/2024 01:30,27.2
14/01/2024 03:00,25.3
14/01/2024 04:30,24.5
14/01/2024 06:00,24.5
14/01/2024 07:30,26.5
14/01/2024 09:00,26.5
14/01/2024 10:30,26.4
14/01/2024 12:00,26.2
14/01/2024 13:30,26.4
14/01/2024 15:00,28.1
14/01/2024 16:30,38.3
14/01/2024 18:00,43
14/01/2024 19:30,30.6
14/01/2024 21:00,28.1
14/01/2024 22:30,27.8
15/01/2024 00:00,27.3
15/01/2024 01:30,27
15/01/2024 03:00,27
15/01/2024 04:30,25
15/01/2024 06:00,24.8
15/01/2024 07:30,25.4
15/01/2024 09:00,26.5
15/01/2024 10:30,26.5
15/01/2024 12:00,26.4
15/01/2024 13:30,26.4
15/01/2024 15:00,26.7
15/01/2024 16:30,29.1
15/01/2024 18:00,39.7
15/01/2024 19:30,42.8
15/01/2024 21:00,28.3
15/01/2024 22:30,28
16/01/2024 00:00,27.5
16/01/2024 01:30,27.1
16/01/2024 03:00,26.8
16/01/2024 04:30,25.4
16/01/2024 06:00,24.4
16/01/2024 07:30,24.3
16/01/2024 09:00,26.4
16/01/2024 10:30,26.5
16/01/2024 12:00,26.5
16/01/2024 13:30,26.5
16/01/2024 15:00,26.8
16/01/2024 16:30,30
16/01/2024 18:00,41.2
16/01/2024 19:30,43.2
16/01/2024 21:00,30.2
16/01/2024 22:30,28.4
17/01/2024 00:00,27.6
17/01/2024 01:30,27.2
17/01/2024 03:00,26.9
17/01/2024 04:30,26.8
17/01/2024 06:00,25.4
17/01/2024 07:30,25
17/01/2024 09:00,25
17/01/2024 10:30,26.2
17/01/2024 12:00,26.3
17/01/2024 13:30,26.3
17/01/2024 15:00,26.5
17/01/2024 16:30,27.4
17/01/2024 18:00,33.6
17/01/2024 19:30,38.2
17/01/2024 21:00,38
17/01/2024 22:30,27.8
18/01/2024 00:00,27.4
18/01/2024 01:30,27.3
18/01/2024 03:00,27
18/01/2024 04:30,26.9
18/01/2024 06:00,26.7
18/01/2024 07:30,25.6
18/01/2024 09:00,25.4
18/01/2024 10:30,26.1
18/01/2024 12:00,26.4
18/01/2024 13:30,26.5
18/01/2024 15:00,26.6
18/01/2024 16:30,27.1
18/01/2024 18:00,28.3
18/01/2024 19:30,34.2
18/01/2024 21:00,37.4
18/01/2024 22:30,27.8
19/01/2024 00:00,27.4
19/01/2024 01:30,27.1
19/01/2024 03:00,26.9
19/01/2024 04:30,26.9
19/01/2024 06:00,26.9
19/01/2024 07:30,25.8
19/01/2024 09:00,25.2
19/01/2024 10:30,25.2
19/01/2024 12:00,25.9
19/01/2024 13:30,26.1
19/01/2024 15:00,26.4
19/01/2024 16:30,26.6
19/01/2024 18:00,27.4
19/01/2024 19:30,28.6
19/01/2024 21:00,30.6
19/01/2024 22:30,27.9
20/01/2024 00:00,27.2
20/01/2024 01:30,26.7
20/01/2024 03:00,26.7
20/01/2024 04:30,26.8
20/01/2024 06:00,26.8
20/01/2024 07:30,26.7
20/01/2024 09:00,25.5
20/01/2024 10:30,25.3
20/01/2024 12:00,25.3
20/01/2024 13:30,26.2
20/01/2024 15:00,26.4
20/01/2024 16:30,26.7
20/01/2024 18:00,27.4
20/01/2024 19:30,27.8
20/01/2024 21:00,28
20/01/2024 22:30,28
21/01/2024 00:00,26.9
21/01/2024 01:30,27
21/01/2024 03:00,26.9
21/01/2024 04:30,26.6
21/01/2024 06:00,26.6
21/01/2024 07:30,26.6
21/01/2024 09:00,26.5
21/01/2024 10:30,25.5
21/01/2024 12:00,25.4
21/01/2024 13:30,26.1
21/01/2024 15:00,26.7
21/01/2024 16:30,26.9
21/01/2024 18:00,27.5
21/01/2024 19:30,27.9
21/01/2024 21:00,28.2
21/01/2024 22:30,28
22/01/2024 00:00,26.6
22/01/2024 01:30,26.8
22/01/2024 03:00,26.9
22/01/2024 04:30,27.1
22/01/2024 06:00,27.1
22/01/2024 07:30,27
22/01/2024 09:00,27
22/01/2024 10:30,26.3
22/01/2024 12:00,25.6
22/01/2024 13:30,25.9
22/01/2024 15:00,26.7
22/01/2024 16:30,27.1
22/01/2024 18:00,27.3
22/01/2024 19:30,27.7
22/01/2024 21:00,28.1
22/01/2024 22:30,28
23/01/2024 00:00,27.2
23/01/2024 01:30,26.1
23/01/2024 03:00,26.9
23/01/2024 04:30,27.1
23/01/2024 06:00,27
23/01/2024 07:30,26.8
23/01/2024 09:00,26.8
23/01/2024 10:30,26.7
23/01/2024 12:00,25.6
23/01/2024 13:30,26.5
23/01/2024 15:00,32.2
23/01/2024 16:30,28.1
23/01/2024 18:00,28.4
23/01/2024 19:30,28.6
23/01/2024 21:00,28.4
23/01/2024 22:30,28
24/01/2024 00:00,27.9
24/01/2024 01:30,26
24/01/2024 03:00,26.1
24/01/2024 04:30,27
24/01/2024 06:00,27
24/01/2024 07:30,26.9
24/01/2024 09:00,26.9
24/01/2024 10:30,26.8
24/01/2024 12:00,26.3
24/01/2024 13:30,26.5
24/01/2024 15:00,29
24/01/2024 16:30,28.7
24/01/2024 18:00,27.6
24/01/2024 19:30,27.9
24/01/2024 21:00,28
24/01/2024 22:30,27.7
25/01/2024 00:00,27.6
25/01/2024 01:30,26.3
25/01/2024 03:00,25.5
25/01/2024 04:30,26.6
25/01/2024 06:00,26.7
25/01/2024 07:30,26.7
25/01/2024 09:00,26.8
25/01/2024 10:30,26.6
25/01/2024 12:00,26.6
25/01/2024 13:30,26.5
25/01/2024 15:00,28.8
25/01/2024 16:30,37.8
25/01/2024 18:00,28.5
25/01/2024 19:30,28.4
25/01/2024 21:00,28.5
25/01/2024 22:30,28.3
26/01/2024 00:00,28
26/01/2024 01:30,27.3
26/01/2024 03:00,26
26/01/2024 04:30,25.9
26/01/2024 06:00,27.3
26/01/2024 07:30,27.2
26/01/2024 09:00,27.2
26/01/2024 10:30,27.1
26/01/2024 12:00,27
26/01/2024 13:30,27
26/01/2024 15:00,27.6
26/01/2024 16:30,30.7
26/01/2024 18:00,28.9
26/01/2024 19:30,28.3
26/01/2024 21:00,28.1
26/01/2024 22:30,28
27/01/2024 00:00,27.6
27/01/2024 01:30,27.6
27/01/2024 03:00,25.6
27/01/2024 04:30,25.1
27/01/2024 06:00,26.7
27/01/2024 07:30,27.2
27/01/2024 09:00,27.1
27/01/2024 10:30,27.1
27/01/2024 12:00,27
27/01/2024 13:30,27
27/01/2024 15:00,31.2
27/01/2024 16:30,41.6
27/01/2024 18:00,46.1
27/01/2024 19:30,29.5
27/01/2024 21:00,29.2
27/01/2024 22:30,28.7
28/01/2024 00:00,28.3
28/01/2024 01:30,28.1
28/01/2024 03:00,26.5
28/01/2024 04:30,25.9
28/01/2024 06:00,25.9
28/01/2024 07:30,27.4
28/01/2024 09:00,27.4
28/01/2024 10:30,27.4
28/01/2024 12:00,27.4
28/01/2024 13:30,27.3
28/01/2024 15:00,27.9
28/01/2024 16:30,32.2
28/01/2024 18:00,38
28/01/2024 19:30,29.5
28/01/2024 21:00,29.2
28/01/2024 22:30,28.7
29/01/2024 00:00,28.2
29/01/2024 01:30,27.9
29/01/2024 03:00,27.4
29/01/2024 04:30,25.9
29/01/2024 06:00,25.9
29/01/2024 07:30,27.1
29/01/2024 09:00,27.2
29/01/2024 10:30,27.3
29/01/2024 12:00,27.1
29/01/2024 13:30,27
29/01/2024 15:00,27.6
29/01/2024 16:30,37
29/01/2024 18:00,43.8
29/01/2024 19:30,30.9
29/01/2024 21:00,29.5
29/01/2024 22:30,29.3
30/01/2024 00:00,28.4
30/01/2024 01:30,28.1
30/01/2024 03:00,28.1
30/01/2024 04:30,26.5
30/01/2024 06:00,26.1
30/01/2024 07:30,27.1
30/01/2024 09:00,27.5
30/01/2024 10:30,27.5
30/01/2024 12:00,27.5
30/01/2024 13:30,27.4
30/01/2024 15:00,27.5
30/01/2024 16:30,32.8
30/01/2024 18:00,43.6
30/01/2024 19:30,30.6
30/01/2024 21:00,28.2
30/01/2024 22:30,28
31/01/2024 00:00,27.7
31/01/2024 01:30,27.6
31/01/2024 03:00,27.5
31/01/2024 04:30,27.2
31/01/2024 06:00,26.1
31/01/2024 07:30,26.3
31/01/2024 09:00,27.1
31/01/2024 10:30,27.1
31/01/2024 12:00,27
31/01/2024 13:30,27
31/01/2024 15:00,27.4
31/01/2024 16:30,29.4
31/01/2024 18:00,33.2
31/01/2024 19:30,33.2
31/01/2024 21:00,28.6
31/01/2024 22:30,28.2
01/02/2024 00:00,27.8
01/02/2024 01:30,27.8
01/02/2024 03:00,27.7
01/02/2024 04:30,27.5
01/02/2024 06:00,26
01/02/2024 07:30,25.6
01/02/2024 09:00,27.1
01/02/2024 10:30,27.1
01/02/2024 12:00,27.1
01/02/2024 13:30,27.1
01/02/2024 15:00,27.6
01/02/2024 16:30,28.6
01/02/2024 18:00,31.2
01/02/2024 19:30,39.7
01/02/2024 21:00,29.9
01/02/2024 22:30,29.3
02/02/2024 00:00,28.6
02/02/2024 01:30,28.3
02/02/2024 03:00,28.1
02/02/2024 04:30,28
02/02/2024 06:00,26.8
02/02/2024 07:30,25.5
02/02/2024 09:00,26
02/02/2024 10:30,27.6
02/02/2024 12:00,27.6
02/02/2024 13:30,27.7
02/02/2024 15:00,28.1
02/02/2024 16:30,28.8
02/02/2024 18:00,30.5
02/02/2024 19:30,32.7
02/02/2024 21:00,30
02/02/2024 22:30,29.4
03/02/2024 00:00,28.8
03/02/2024 01:30,28.5
03/02/2024 03:00,28.3
03/02/2024 04:30,28.3
03/02/2024 06:00,28.1
03/02/2024 07:30,26.6
03/02/2024 09:00,26.1
03/02/2024 10:30,27.4
03/02/2024 12:00,27.6
03/02/2024 13:30,27.7
03/02/2024 15:00,27.9
03/02/2024 16:30,28.5
03/02/2024 18:00,29.1
03/02/2024 19:30,30.1
03/02/2024 21:00,30
03/02/2024 22:30,29
04/02/2024 00:00,28.6
04/02/2024 01:30,28.5
04/02/2024 03:00,28.4
04/02/2024 04:30,28.3
04/02/2024 06:00,28.1
04/02/2024 07:30,27.8
04/02/2024 09:00,26.2
04/02/2024 10:30,26.3
04/02/2024 12:00,27.4
04/02/2024 13:30,27.4
04/02/2024 15:00,27.7
04/02/2024 16:30,27.9
04/02/2024 18:00,28.4
04/02/2024 19:30,29
04/02/2024 21:00,29.1
04/02/2024 22:30,28.2
05/02/2024 00:00,28
05/02/2024 01:30,27.8
05/02/2024 03:00,27.8
05/02/2024 04:30,27.7
05/02/2024 06:00,27.5
05/02/2024 07:30,27.3
05/02/2024 09:00,26.4
05/02/2024 10:30,24.7
05/02/2024 12:00,23.9
05/02/2024 13:30,26.9
05/02/2024 15:00,27.4
05/02/2024 16:30,27.7
05/02/2024 18:00,27.8
05/02/2024 19:30,27.9
05/02/2024 21:00,28
05/02/2024 22:30,27.6
06/02/2024 00:00,27.2
06/02/2024 01:30,27.4
06/02/2024 03:00,27.2
06/02/2024 04:30,27.2
06/02/2024 06:00,27.1
06/02/2024 07:30,27.1
06/02/2024 09:00,26.8
06/02/2024 10:30,25.4
06/02/2024 12:00,25.1
06/02/2024 13:30,26.2
06/02/2024 15:00,27.2
06/02/2024 16:30,27.9
06/02/2024 18:00,27.9
06/02/2024 19:30,28.1
06/02/2024 21:00,28.2
06/02/2024 22:30,28.2
07/02/2024 00:00,26.4
07/02/2024 01:30,26.7
07/02/2024 03:00,27.3
07/02/2024 04:30,27.4
07/02/2024 06:00,27.4
07/02/2024 07:30,27.3
07/02/2024 09:00,27.2
07/02/2024 10:30,26.2
07/02/2024 12:00,25.5
07/02/2024 13:30,27
07/02/2024 15:00,29.9
07/02/2024 16:30,28.1
07/02/2024 18:00,28.6
07/02/2024 19:30,29
07/02/2024 21:00,28.8
07/02/2024 22:30,28.6
08/02/2024 00:00,26.6
08/02/2024 01:30,25.5
08/02/2024 03:00,26.4
08/02/2024 04:30,27.3
08/02/2024 06:00,27.5
08/02/2024 07:30,27.4
08/02/2024 09:00,27.3
08/02/2024 10:30,27
08/02/2024 12:00,25.1
08/02/2024 13:30,26.1
08/02/2024 15:00,34.3
08/02/2024 16:30,29.2
08/02/2024 18:00,28.9
08/02/2024 19:30,29.1
08/02/2024 21:00,29.1
08/02/2024 22:30,29
09/02/2024 00:00,28
09/02/2024 01:30,25.1
09/02/2024 03:00,25.3
09/02/2024 04:30,27.3
09/02/2024 06:00,27.4
09/02/2024 07:30,27.4
09/02/2024 09:00,27.2
09/02/2024 10:30,27.1
09/02/2024 12:00,25.4
09/02/2024 13:30,25
09/02/2024 15:00,34.4
09/02/2024 16:30,42.5
09/02/2024 18:00,29.1
09/02/2024 19:30,29.3
09/02/2024 21:00,29.1
09/02/2024 22:30,28.9
10/02/2024 00:00,28.6
10/02/2024 01:30,26.1
10/02/2024 03:00,25.8
10/02/2024 04:30,25.5
10/02/2024 06:00,27.5
10/02/2024 07:30,27.5
10/02/2024 09:00,27.3
10/02/2024 10:30,27.2
10/02/2024 12:00,27
10/02/2024 13:30,26.8
10/02/2024 15:00,30
10/02/2024 16:30,38.3
10/02/2024 18:00,30.7
10/02/2024 19:30,28.8
10/02/2024 21:00,28.8
10/02/2024 22:30,28.9
11/02/2024 00:00,28.3
11/02/2024 01:30,26.8
11/02/2024 03:00,25.3
11/02/2024 04:30,25.1
11/02/2024 06:00,26.1
11/02/2024 07:30,26.6
11/02/2024 09:00,26.5
11/02/2024 10:30,26.3
11/02/2024 12:00,26.2
11/02/2024 13:30,26.5
11/02/2024 15:00,36.2
11/02/2024 16:30,42.7
11/02/2024 18:00,48.3
11/02/2024 19:30,28.9
11/02/2024 21:00,28.6
11/02/2024 22:30,28.4
12/02/2024 00:00,28.2
12/02/2024 01:30,28.1
12/02/2024 03:00,26.7
12/02/2024 04:30,26.5
12/02/2024 06:00,26.3
12/02/2024 07:30,27.4
12/02/2024 09:00,27.4
12/02/2024 10:30,27.4
12/02/2024 12:00,27.3
12/02/2024 13:30,27.3
12/02/2024 15:00,30.4
12/02/2024 16:30,41.5
12/02/2024 18:00,29.8
12/02/2024 19:30,29.1
12/02/2024 21:00,28.4
12/02/2024 22:30,28.1
13/02/2024 00:00,28
13/02/2024 01:30,27.9
13/02/2024 03:00,27
13/02/2024 04:30,26.4
13/02/2024 06:00,26.1
13/02/2024 07:30,26.4
13/02/2024 09:00,27.3
13/02/2024 10:30,27.3
13/02/2024 12:00,27.2
13/02/2024 13:30,27.2
13/02/2024 15:00,28.1
13/02/2024 16:30,35
13/02/2024 18:00,32.3
13/02/2024 19:30,37.2
13/02/2024 21:00,28.8
13/02/2024 22:30,28.5
14/02/2024 00:00,28.3
14/02/2024 01:30,27.9
14/02/2024 03:00,27.7
14/02/2024 04:30,26.6
14/02/2024 06:00,26.3
14/02/2024 07:30,26.2
14/02/2024 09:00,27.3
14/02/2024 10:30,27.4
14/02/2024 12:00,27.3
14/02/2024 13:30,27.1
14/02/2024 15:00,27.5
14/02/2024 16:30,32.3
14/02/2024 18:00,44.1
14/02/2024 19:30,45.8
14/02/2024 21:00,29.6
14/02/2024 22:30,28.5
15/02/2024 00:00,28
15/02/2024 01:30,28.1
15/02/2024 03:00,28
15/02/2024 04:30,27.3
15/02/2024 06:00,25.6
15/02/2024 07:30,25.8
15/02/2024 09:00,26
15/02/2024 10:30,27.4
15/02/2024 12:00,27.5
15/02/2024 13:30,27.4
15/02/2024 15:00,27.8
15/02/2024 16:30,29.4
15/02/2024 18:00,42.9
15/02/2024 19:30,45.3
15/02/2024 21:00,34.4
15/02/2024 22:30,29.8
16/02/2024 00:00,29.2
16/02/2024 01:30,28.8
16/02/2024 03:00,28.7
16/02/2024 04:30,28.5
16/02/2024 06:00,26.7
16/02/2024 07:30,26.7
16/02/2024 09:00,26.7
16/02/2024 10:30,27.6
16/02/2024 12:00,28
16/02/2024 13:30,28.1
16/02/2024 15:00,28.2
16/02/2024 16:30,28.9
16/02/2024 18:00,31.4
16/02/2024 19:30,42.9
16/02/2024 21:00,41.4
16/02/2024 22:30,30
17/02/2024 00:00,29.1
17/02/2024 01:30,28.8
17/02/2024 03:00,28.9
17/02/2024 04:30,28.5
17/02/2024 06:00,27.9
17/02/2024 07:30,26.7
17/02/2024 09:00,26.6
17/02/2024 10:30,26.4
17/02/2024 12:00,27.6
17/02/2024 13:30,27.7
17/02/2024 15:00,27.7
17/02/2024 16:30,28
17/02/2024 18:00,28.2
17/02/2024 19:30,27.2
17/02/2024 21:00,26.5
17/02/2024 22:30,26.6
18/02/2024 00:00,27.6
18/02/2024 01:30,27.7
18/02/2024 03:00,27.7
18/02/2024 04:30,27.6
18/02/2024 06:00,27.6
18/02/2024 07:30,26.8
18/02/2024 09:00,25.4
18/02/2024 10:30,25.2
18/02/2024 12:00,25.8
18/02/2024 13:30,27.5
18/02/2024 15:00,27.7
18/02/2024 16:30,27.8
18/02/2024 18:00,27.9
18/02/2024 19:30,28
18/02/2024 21:00,27.9
18/02/2024 22:30,27.4
19/02/2024 00:00,27.3
19/02/2024 01:30,27.4
19/02/2024 03:00,27.4
19/02/2024 04:30,27.4
19/02/2024 06:00,27.3
19/02/2024 07:30,27.1
19/02/2024 09:00,25.7
19/02/2024 10:30,24.6
19/02/2024 12:00,24.4
19/02/2024 13:30,25.9
19/02/2024 15:00,27.2
19/02/2024 16:30,27.5
19/02/2024 18:00,27.9
19/02/2024 19:30,28.2
19/02/2024 21:00,28.3
19/02/2024 22:30,27.3
20/02/2024 00:00,26.3
20/02/2024 01:30,26.7
20/02/2024 03:00,27.4
20/02/2024 04:30,27.3
20/02/2024 06:00,27.2
20/02/2024 07:30,27.2
20/02/2024 09:00,27.1
20/02/2024 10:30,25.2
20/02/2024 12:00,24.8
20/02/2024 13:30,25.8
20/02/2024 15:00,27
20/02/2024 16:30,27.9
20/02/2024 18:00,27.9
20/02/2024 19:30,27.8
20/02/2024 21:00,27.8
20/02/2024 22:30,27.9
21/02/2024 00:00,26.9
21/02/2024 01:30,25.8
21/02/2024 03:00,27
21/02/2024 04:30,27.3
21/02/2024 06:00,27.3
21/02/2024 07:30,27.3
21/02/2024 09:00,27.2
21/02/2024 10:30,27.1
21/02/2024 12:00,25.4
21/02/2024 13:30,25.9
21/02/2024 15:00,27.9
21/02/2024 16:30,28
21/02/2024 18:00,28.8
21/02/2024 19:30,29.2
21/02/2024 21:00,29.4
21/02/2024 22:30,29.3
22/02/2024 00:00,28.3
22/02/2024 01:30,26.7
22/02/2024 03:00,25.5
22/02/2024 04:30,28
22/02/2024 06:00,28.1
22/02/2024 07:30,27.9
22/02/2024 09:00,27.8
22/02/2024 10:30,27.5
22/02/2024 12:00,25.9
22/02/2024 13:30,27.9
22/02/2024 15:00,36.4
22/02/2024 16:30,32.1
22/02/2024 18:00,29.8
22/02/2024 19:30,29.8
22/02/2024 21:00,29.8
22/02/2024 22:30,29.3
23/02/2024 00:00,28.9
23/02/2024 01:30,26.2
23/02/2024 03:00,25.8
23/02/2024 04:30,27.2
23/02/2024 06:00,28.3
23/02/2024 07:30,28.3
23/02/2024 09:00,28.2
23/02/2024 10:30,27.8
23/02/2024 12:00,27.4
23/02/2024 13:30,27.1
23/02/2024 15:00,38
23/02/2024 16:30,45
23/02/2024 18:00,30.1
23/02/2024 19:30,30
23/02/2024 21:00,29.7
23/02/2024 22:30,29.1
24/02/2024 00:00,28.6
24/02/2024 01:30,26.5
24/02/2024 03:00,25.7
24/02/2024 04:30,25
24/02/2024 06:00,27.5
24/02/2024 07:30,27.4
24/02/2024 09:00,27.1
24/02/2024 10:30,26.9
24/02/2024 12:00,26.9
24/02/2024 13:30,27.1
24/02/2024 15:00,36.6
24/02/2024 16:30,44
24/02/2024 18:00,30.1
24/02/2024 19:30,29.4
24/02/2024 21:00,29.3
24/02/2024 22:30,28.9
25/02/2024 00:00,28.3
25/02/2024 01:30,26.7
25/02/2024 03:00,24.8
25/02/2024 04:30,24.2
25/02/2024 06:00,26.7
25/02/2024 07:30,27.5
25/02/2024 09:00,27.5
25/02/2024 10:30,27.5
25/02/2024 12:00,27.5
25/02/2024 13:30,28
25/02/2024 15:00,34.9
25/02/2024 16:30,43.3
25/02/2024 18:00,44.6
25/02/2024 19:30,30.1
25/02/2024 21:00,29.9
25/02/2024 22:30,29.6
26/02/2024 00:00,28.8
26/02/2024 01:30,28.2
26/02/2024 03:00,24.7
26/02/2024 04:30,24.3
26/02/2024 06:00,24.2
26/02/2024 07:30,27.9
26/02/2024 09:00,28
26/02/2024 10:30,27.9
26/02/2024 12:00,27.7
26/02/2024 13:30,27.4
26/02/2024 15:00,33.7
26/02/2024 16:30,42.1
26/02/2024 18:00,46.9
26/02/2024 19:30,30
26/02/2024 21:00,29.7
26/02/2024 22:30,29.3
27/02/2024 00:00,28.7
27/02/2024 01:30,28.1
27/02/2024 03:00,24.6
27/02/2024 04:30,24.2
27/02/2024 06:00,23.7
27/02/2024 07:30,27.3
27/02/2024 09:00,27.4
27/02/2024 10:30,27.4
27/02/2024 12:00,27.4
27/02/2024 13:30,27.5
27/02/2024 15:00,31.8
27/02/2024 16:30,41.6
27/02/2024 18:00,44.9
27/02/2024 19:30,29.9
27/02/2024 21:00,29.1
27/02/2024 22:30,28.6
28/02/2024 00:00,28.1
28/02/2024 01:30,27.6
28/02/2024 03:00,25.8
28/02/2024 04:30,24.1
28/02/2024 06:00,23.8
28/02/2024 07:30,26.5
28/02/2024 09:00,27.2
28/02/2024 10:30,27.3
28/02/2024 12:00,27.2
28/02/2024 13:30,27.3
28/02/2024 15:00,28.9
28/02/2024 16:30,38.7
28/02/2024 18:00,44.8
28/02/2024 19:30,31.6
28/02/2024 21:00,29.4
28/02/2024 22:30,28.9
29/02/2024 00:00,28.4
29/02/2024 01:30,27.9
29/02/2024 03:00,27.4
29/02/2024 04:30,24.2
29/02/2024 06:00,23.5
29/02/2024 07:30,23.4
29/02/2024 09:00,27.2
29/02/2024 10:30,27.4
29/02/2024 12:00,27.4
29/02/2024 13:30,27.4
29/02/2024 15:00,28
29/02/2024 16:30,36.7
29/02/2024 18:00,44.2
29/02/2024 19:30,44
29/02/2024 21:00,29.5
29/02/2024 22:30,28.8
01/03/2024 00:00,28.3
01/03/2024 01:30,27.9
01/03/2024 03:00,27.6
01/03/2024 04:30,24.1
01/03/2024 06:00,22.7
01/03/2024 07:30,22.2
01/03/2024 09:00,26.8
01/03/2024 10:30,27.1
01/03/2024 12:00,26.9
01/03/2024 13:30,27
01/03/2024 15:00,27.6
01/03/2024 16:30,29.9
01/03/2024 18:00,42.3
01/03/2024 19:30,44.3
01/03/2024 21:00,29.6
01/03/2024 22:30,28.8
02/03/2024 00:00,28.3
02/03/2024 01:30,28.1
02/03/2024 03:00,27.9
02/03/2024 04:30,26.9
02/03/2024 06:00,23.1
02/03/2024 07:30,22.2
02/03/2024 09:00,23.4
02/03/2024 10:30,27.2
02/03/2024 12:00,27.3
02/03/2024 13:30,27.1
02/03/2024 15:00,27.5
02/03/2024 16:30,28.6
02/03/2024 18:00,33
02/03/2024 19:30,41.7
02/03/2024 21:00,29.9
02/03/2024 22:30,29.1
03/03/2024 00:00,28.5
03/03/2024 01:30,28.3
03/03/2024 03:00,28.1
03/03/2024 04:30,27.9
03/03/2024 06:00,24.2
03/03/2024 07:30,22.8
03/03/2024 09:00,21.9
03/03/2024 10:30,26.7
03/03/2024 12:00,26.3
03/03/2024 13:30,26.3
03/03/2024 15:00,26.6
03/03/2024 16:30,27.3
03/03/2024 18:00,29.2
03/03/2024 19:30,35.1
03/03/2024 21:00,28.9
03/03/2024 22:30,28.4
04/03/2024 00:00,27.6
04/03/2024 01:30,27.3
04/03/2024 03:00,27.1
04/03/2024 04:30,26.9
04/03/2024 06:00,26.1
04/03/2024 07:30,21.4
04/03/2024 09:00,20.6
04/03/2024 10:30,20.7
04/03/2024 12:00,25.6
04/03/2024 13:30,25.7
04/03/2024 15:00,26.3
04/03/2024 16:30,27.1
04/03/2024 18:00,27.9
04/03/2024 19:30,29
04/03/2024 21:00,28.8
04/03/2024 22:30,27.9
05/03/2024 00:00,27.1
05/03/2024 01:30,26.8
05/03/2024 03:00,26.6
05/03/2024 04:30,26.7
05/03/2024 06:00,26.6
05/03/2024 07:30,25.5
05/03/2024 09:00,21.1
05/03/2024 10:30,20.3
05/03/2024 12:00,23.3
05/03/2024 13:30,26.2
05/03/2024 15:00,26.7
05/03/2024 16:30,27.3
05/03/2024 18:00,27.7
05/03/2024 19:30,28.4
05/03/2024 21:00,28.8
05/03/2024 22:30,27.5
06/03/2024 00:00,26.8
06/03/2024 01:30,26.7
06/03/2024 03:00,26.6
06/03/2024 04:30,26.6
06/03/2024 06:00,26.4
06/03/2024 07:30,26
06/03/2024 09:00,24.2
06/03/2024 10:30,22.2
06/03/2024 12:00,21.9
06/03/2024 13:30,25.4
06/03/2024 15:00,26.3
06/03/2024 16:30,27
06/03/2024 18:00,27.8
06/03/2024 19:30,28.5
06/03/2024 21:00,28.7
06/03/2024 22:30,28.3
07/03/2024 00:00,26.1
07/03/2024 01:30,26.6
07/03/2024 03:00,26.7
07/03/2024 04:30,26.7
07/03/2024 06:00,26.6
07/03/2024 07:30,26.6
07/03/2024 09:00,26.5
07/03/2024 10:30,25.1
07/03/2024 12:00,24.1
07/03/2024 13:30,27.1
07/03/2024 15:00,27.3
07/03/2024 16:30,27.9
07/03/2024 18:00,28.2
07/03/2024 19:30,28.4
07/03/2024 21:00,28.4
07/03/2024 22:30,28.7
08/03/2024 00:00,26.7
08/03/2024 01:30,25.5
08/03/2024 03:00,26.9
08/03/2024 04:30,27.3
08/03/2024 06:00,27.1
08/03/2024 07:30,27
08/03/2024 09:00,26.7
08/03/2024 10:30,26.6
08/03/2024 12:00,25
08/03/2024 13:30,26.3
08/03/2024 15:00,36.3
08/03/2024 16:30,27.5
08/03/2024 18:00,28
08/03/2024 19:30,28.3
08/03/2024 21:00,28.7
08/03/2024 22:30,28.6
09/03/2024 00:00,27
09/03/2024 01:30,25.4
09/03/2024 03:00,25.5
09/03/2024 04:30,27
09/03/2024 06:00,27.1
09/03/2024 07:30,27
09/03/2024 09:00,26.9
09/03/2024 10:30,26.9
09/03/2024 12:00,25.5
09/03/2024 13:30,26.4
09/03/2024 15:00,37.8
09/03/2024 16:30,27.3
09/03/2024 18:00,27.5
09/03/2024 19:30,27.6
09/03/2024 21:00,27.6
09/03/2024 22:30,27.7
10/03/2024 00:00,27.3
10/03/2024 01:30,25.6
10/03/2024 03:00,25.2
10/03/2024 04:30,24.6
10/03/2024 06:00,26.7
10/03/2024 07:30,26.8
10/03/2024 09:00,26.8
10/03/2024 10:30,26.7
10/03/2024 12:00,26.5
10/03/2024 13:30,26.8
10/03/2024 15:00,33.5
10/03/2024 16:30,38.3
10/03/2024 18:00,28
10/03/2024 19:30,28.4
10/03/2024 21:00,28.4
10/03/2024 22:30,28.5
11/03/2024 00:00,28
11/03/2024 01:30,26.2
11/03/2024 03:00,25.3
11/03/2024 04:30,24.9
11/03/2024 06:00,26.7
11/03/2024 07:30,27.3
11/03/2024 09:00,27.4
11/03/2024 10:30,27.3
11/03/2024 12:00,27.3
11/03/2024 13:30,26.3
11/03/2024 15:00,27.6
11/03/2024 16:30,29.9
11/03/2024 18:00,31.7
11/03/2024 19:30,28.3
11/03/2024 21:00,28.4
11/03/2024 22:30,28.3
12/03/2024 00:00,28.3
12/03/2024 01:30,27.9
12/03/2024 03:00,26.1
12/03/2024 04:30,25.1
12/03/2024 06:00,24.4
12/03/2024 07:30,27.7
12/03/2024 09:00,27.9
12/03/2024 10:30,28.1
12/03/2024 12:00,28
12/03/2024 13:30,28
12/03/2024 15:00,27.9
12/03/2024 16:30,36.9
12/03/2024 18:00,45.7
12/03/2024 19:30,29.8
12/03/2024 21:00,29.2
12/03/2024 22:30,28.9
13/03/2024 00:00,28.9
13/03/2024 01:30,28.6
13/03/2024 03:00,26.2
13/03/2024 04:30,25.4
13/03/2024 06:00,24.9
13/03/2024 07:30,27.5
13/03/2024 09:00,28.1
13/03/2024 10:30,28.2
13/03/2024 12:00,28.2
13/03/2024 13:30,28.2
13/03/2024 15:00,31.1
13/03/2024 16:30,37.5
13/03/2024 18:00,41
13/03/2024 19:30,30.7
13/03/2024 21:00,29
13/03/2024 22:30,28.6
14/03/2024 00:00,28.4
14/03/2024 01:30,28.4
14/03/2024 03:00,27.4
14/03/2024 04:30,25.2
14/03/2024 06:00,24.7
14/03/2024 07:30,24.4
14/03/2024 09:00,27.2
14/03/2024 10:30,27.3
14/03/2024 12:00,27.4
14/03/2024 13:30,27.7
14/03/2024 15:00,28.3
14/03/2024 16:30,28.3
14/03/2024 18:00,28.2
14/03/2024 19:30,42.8
14/03/2024 21:00,28.9
14/03/2024 22:30,28.8
15/03/2024 00:00,28.5
15/03/2024 01:30,28.3
15/03/2024 03:00,27.9
15/03/2024 04:30,26.3
15/03/2024 06:00,25.8
15/03/2024 07:30,25.3
15/03/2024 09:00,26.9
15/03/2024 10:30,27.3
15/03/2024 12:00,27.3
15/03/2024 13:30,27.4
15/03/2024 15:00,27.6
15/03/2024 16:30,28.2
15/03/2024 18:00,39.3
15/03/2024 19:30,41.2
15/03/2024 21:00,29.9
15/03/2024 22:30,28.9
16/03/2024 00:00,28.6
16/03/2024 01:30,28.5
16/03/2024 03:00,28.5
16/03/2024 04:30,27.8
16/03/2024 06:00,25.9
16/03/2024 07:30,25.6
16/03/2024 09:00,25.3
16/03/2024 10:30,27.8
16/03/2024 12:00,27.9
16/03/2024 13:30,27.9
16/03/2024 15:00,28.1
16/03/2024 16:30,28.7
16/03/2024 18:00,31
16/03/2024 19:30,40.1
16/03/2024 21:00,32.6
16/03/2024 22:30,29.4
17/03/2024 00:00,28.9
17/03/2024 01:30,28.9
17/03/2024 03:00,28.7
17/03/2024 04:30,28.5
17/03/2024 06:00,27.2
17/03/2024 07:30,25.7
17/03/2024 09:00,25.4
17/03/2024 10:30,27.3
17/03/2024 12:00,27.9
17/03/2024 13:30,28.2
17/03/2024 15:00,28.6
17/03/2024 16:30,28.8
17/03/2024 18:00,29.4
17/03/2024 19:30,29.4
17/03/2024 21:00,28.6
17/03/2024 22:30,28.9
18/03/2024 00:00,28.6
18/03/2024 01:30,28.7
18/03/2024 03:00,28.7
18/03/2024 04:30,28.6
18/03/2024 06:00,28.5
18/03/2024 07:30,26.9
18/03/2024 09:00,25
18/03/2024 10:30,24.1
18/03/2024 12:00,27.4
18/03/2024 13:30,27.7
18/03/2024 15:00,27.9
18/03/2024 16:30,28.4
18/03/2024 18:00,28.8
18/03/2024 19:30,29.4
18/03/2024 21:00,29.8
18/03/2024 22:30,28.6
19/03/2024 00:00,28.5
19/03/2024 01:30,28.4
19/03/2024 03:00,28.4
19/03/2024 04:30,28.3
19/03/2024 06:00,28.2
19/03/2024 07:30,28
19/03/2024 09:00,26.6
19/03/2024 10:30,24.5
19/03/2024 12:00,24.7
19/03/2024 13:30,27.6
19/03/2024 15:00,27.7
19/03/2024 16:30,27.9
19/03/2024 18:00,28.7
19/03/2024 19:30,28.8
19/03/2024 21:00,29
19/03/2024 22:30,28.4
20/03/2024 00:00,27.7
20/03/2024 01:30,28.1
20/03/2024 03:00,28.1
20/03/2024 04:30,28.2
20/03/2024 06:00,28.4
20/03/2024 07:30,28.2
20/03/2024 09:00,28.1
20/03/2024 10:30,26.6
20/03/2024 12:00,25.9
20/03/2024 13:30,27.5
20/03/2024 15:00,28.2
20/03/2024 16:30,28.2
20/03/2024 18:00,28.3
20/03/2024 19:30,29
20/03/2024 21:00,29.2
20/03/2024 22:30,29.3
21/03/2024 00:00,28
21/03/2024 01:30,27.6
21/03/2024 03:00,28.6
21/03/2024 04:30,28.6
21/03/2024 06:00,28.6
21/03/2024 07:30,28.7
21/03/2024 09:00,28.6
21/03/2024 10:30,28.3
21/03/2024 12:00,25.9
21/03/2024 13:30,25.8
21/03/2024 15:00,27.6
21/03/2024 16:30,28.4
21/03/2024 18:00,28.5
21/03/2024 19:30,28.4
21/03/2024 21:00,28.6
21/03/2024 22:30,28.6
22/03/2024 00:00,26.9
22/03/2024 01:30,25.4
22/03/2024 03:00,26.3
22/03/2024 04:30,27.4
22/03/2024 06:00,27.2
22/03/2024 07:30,27.3
22/03/2024 09:00,27.3
22/03/2024 10:30,27.4
22/03/2024 12:00,24.9
22/03/2024 13:30,27.7
22/03/2024 15:00,37.7
22/03/2024 16:30,28.9
22/03/2024 18:00,29.5
22/03/2024 19:30,30
22/03/2024 21:00,30.3
22/03/2024 22:30,30.1
23/03/2024 00:00,29.2
23/03/2024 01:30,26.9
23/03/2024 03:00,26.9
23/03/2024 04:30,28.6
23/03/2024 06:00,28.7
23/03/2024 07:30,28.7
23/03/2024 09:00,28.6
23/03/2024 10:30,28.6
23/03/2024 12:00,27.6
23/03/2024 13:30,29.5
23/03/2024 15:00,35.8
23/03/2024 16:30,31
23/03/2024 18:00,30.8
23/03/2024 19:30,31.2
23/03/2024 21:00,31.1
23/03/2024 22:30,30.4
24/03/2024 00:00,29.7
24/03/2024 01:30,27.5
24/03/2024 03:00,27
24/03/2024 04:30,26.6
24/03/2024 06:00,28.8
24/03/2024 07:30,28.6
24/03/2024 09:00,28.5
24/03/2024 10:30,28.6
24/03/2024 12:00,28.3
24/03/2024 13:30,27.7
24/03/2024 15:00,36.5
24/03/2024 16:30,40
24/03/2024 18:00,29.1
24/03/2024 19:30,28.5
24/03/2024 21:00,27.7
24/03/2024 22:30,27.5
25/03/2024 00:00,27.5
25/03/2024 01:30,25.9
25/03/2024 03:00,25
25/03/2024 04:30,24.4
25/03/2024 06:00,27.2
25/03/2024 07:30,27
25/03/2024 09:00,26.5
25/03/2024 10:30,26.5
25/03/2024 12:00,26.7
25/03/2024 13:30,27.6
25/03/2024 15:00,32.5
25/03/2024 16:30,37.1
25/03/2024 18:00,28.5
25/03/2024 19:30,28.3
25/03/2024 21:00,28.4
25/03/2024 22:30,28.4
26/03/2024 00:00,28.3
26/03/2024 01:30,26.9
26/03/2024 03:00,25.7
26/03/2024 04:30,25.2
26/03/2024 06:00,26.6
26/03/2024 07:30,27.9
26/03/2024 09:00,28
26/03/2024 10:30,28
26/03/2024 12:00,28.1
26/03/2024 13:30,27.5
26/03/2024 15:00,31.3
26/03/2024 16:30,37.8
26/03/2024 18:00,30.9
26/03/2024 19:30,28.6
26/03/2024 21:00,28.6
26/03/2024 22:30,28.3
27/03/2024 00:00,28.3
27/03/2024 01:30,27.7
27/03/2024 03:00,24.7
27/03/2024 04:30,24.1
27/03/2024 06:00,23.5
27/03/2024 07:30,27.3
27/03/2024 09:00,27.4
27/03/2024 10:30,27.5
27/03/2024 12:00,27.5
27/03/2024 13:30,27.6
27/03/2024 15:00,35
27/03/2024 16:30,47.4
27/03/2024 18:00,47.4
27/03/2024 19:30,30.1
27/03/2024 21:00,30
27/03/2024 22:30,29.7
28/03/2024 00:00,29.1
28/03/2024 01:30,28.9
28/03/2024 03:00,26
28/03/2024 04:30,25.1
28/03/2024 06:00,24.7
28/03/2024 07:30,27.5
28/03/2024 09:00,27.8
28/03/2024 10:30,27.7
28/03/2024 12:00,27.7
28/03/2024 13:30,27.5
28/03/2024 15:00,29.5
28/03/2024 16:30,42.5
28/03/2024 18:00,47
28/03/2024 19:30,29.8
28/03/2024 21:00,29.4
28/03/2024 22:30,29.4
29/03/2024 00:00,28.8
29/03/2024 01:30,28.4
29/03/2024 03:00,26.6
29/03/2024 04:30,26.1
29/03/2024 06:00,25.3
29/03/2024 07:30,26.3
29/03/2024 09:00,27.9
29/03/2024 10:30,28
29/03/2024 12:00,28
29/03/2024 13:30,27.8
29/03/2024 15:00,28.2
29/03/2024 16:30,38.9
29/03/2024 18:00,44
29/03/2024 19:30,30.5
29/03/2024 21:00,29.6
29/03/2024 22:30,29.1
30/03/2024 00:00,28.5
30/03/2024 01:30,27.9
30/03/2024 03:00,27.2
30/03/2024 04:30,24.2
30/03/2024 06:00,23.6
30/03/2024 07:30,23.3
30/03/2024 09:00,26.7
30/03/2024 10:30,26.7
30/03/2024 12:00,26.5
30/03/2024 13:30,26.1
30/03/2024 15:00,26.5
30/03/2024 16:30,30.7
30/03/2024 18:00,41.9
30/03/2024 19:30,35.1
30/03/2024 21:00,28.9
30/03/2024 22:30,28.4
31/03/2024 00:00,28
31/03/2024 01:30,27.6
31/03/2024 03:00,27.4
31/03/2024 04:30,25.3
31/03/2024 06:00,24.2
31/03/2024 07:30,23.3
31/03/2024 09:00,26.3
31/03/2024 10:30,26.6
31/03/2024 12:00,26.8
31/03/2024 13:30,26.9
31/03/2024 15:00,27.2
31/03/2024 16:30,28.2
31/03/2024 18:00,35.3
31/03/2024 19:30,40.5
31/03/2024 21:00,29.7
31/03/2024 22:30,29.1
01/04/2024 00:00,28.5
01/04/2024 01:30,28
01/04/2024 03:00,27.7
01/04/2024 04:30,27.2
01/04/2024 06:00,23.2
01/04/2024 07:30,22.3
01/04/2024 09:00,21.9
01/04/2024 10:30,26.8
01/04/2024 12:00,26.9
01/04/2024 13:30,27.1
01/04/2024 15:00,27.8
01/04/2024 16:30,28.6
01/04/2024 18:00,29.7
01/04/2024 19:30,32.6